{"coref": {"/content/drive/MyDrive/BERT_fineTunned_on_AdversarialQA_trained": {"1": {"loss": 0.4588404560932704, "accuracy": 0.8105256113541375, "f1_score": 0.7138675537982461}, "3": {"loss": 0.4619784101912981, "accuracy": 0.7972124308831731, "f1_score": 0.7292904637557063}, "5": {"loss": 0.43010454433872913, "accuracy": 0.8309945565088719, "f1_score": 0.7482398879420642}, "7": {"loss": 0.46506468856625105, "accuracy": 0.805595216922583, "f1_score": 0.7018206981215968}, "9": {"loss": 0.43783960389427135, "accuracy": 0.8064987507331123, "f1_score": 0.7145151443608209}, "11": {"loss": 0.505432591222555, "accuracy": 0.7605635374438735, "f1_score": 0.7084809539740295}}, "bert-base-uncased": {"1": {"loss": 0.46072661968298134, "accuracy": 0.8002242102977019, "f1_score": 0.710148160665021}, "3": {"loss": 0.46464684623749514, "accuracy": 0.8052326879202628, "f1_score": 0.703327304052887}, "5": {"loss": 0.43587636735869395, "accuracy": 0.8133421827911501, "f1_score": 0.7414764398605286}, "7": {"loss": 0.41017307395551983, "accuracy": 0.8226229252505468, "f1_score": 0.7492728099618492}, "9": {"loss": 0.4413290637482623, "accuracy": 0.8019308853038779, "f1_score": 0.7195562388878309}, "11": {"loss": 0.4500654236242832, "accuracy": 0.8051211405242955, "f1_score": 0.7087374378731657}}, "csarron/bert-base-uncased-squad-v1": {"1": {"loss": 0.5104679608082273, "accuracy": 0.7681431822876366, "f1_score": 0.613335837395627}, "3": {"loss": 0.4519614994422189, "accuracy": 0.8004082634941331, "f1_score": 0.7022301517634597}, "5": {"loss": 0.45346091060170995, "accuracy": 0.8039220061213677, "f1_score": 0.702209705378162}, "7": {"loss": 0.4465220115231804, "accuracy": 0.8018528021128715, "f1_score": 0.7091993144283778}, "9": {"loss": 0.45430593031810773, "accuracy": 0.7996162770104243, "f1_score": 0.7035594563461478}, "11": {"loss": 0.45358269079102165, "accuracy": 0.7989916116898131, "f1_score": 0.6977270462303383}}}, "sup-squad": {"/content/drive/MyDrive/BERT_fineTunned_on_AdversarialQA_trained": {"1": {"loss": 0.5464721773819994, "accuracy": 0.741160148041949, "f1_score": 0.6185310506193326}, "3": {"loss": 0.3858865148547336, "accuracy": 0.8390327697072423, "f1_score": 0.7918296376802998}, "5": {"loss": 0.32958278808167824, "accuracy": 0.8671291403740203, "f1_score": 0.8296337651316918}, "7": {"loss": 0.35047327583738414, "accuracy": 0.8577299155846206, "f1_score": 0.812910408251914}, "9": {"loss": 0.35749381931841245, "accuracy": 0.8540389360131472, "f1_score": 0.8124693689093229}, "11": {"loss": 0.33552506080893585, "accuracy": 0.8581835800195093, "f1_score": 0.8137668514102625}}, "bert-base-uncased": {"1": {"loss": 0.545845936393133, "accuracy": 0.7416226216148877, "f1_score": 0.6188798557530513}, "3": {"loss": 0.39398255600863735, "accuracy": 0.831963530806608, "f1_score": 0.778881863566023}, "5":{"loss": 0.3266316778942092, "accuracy": 0.8648828401626039, "f1_score": 0.8226326985905235}, "7": {"loss": 0.37114439460490267, "accuracy": 0.846780303164718, "f1_score": 0.8004387320724897}, "9": {"loss": 0.38218521221243557, "accuracy": 0.8382972163831457, "f1_score": 0.785872734992193}, "11": {"loss": 0.39244876345166696, "accuracy": 0.8301224455268892, "f1_score": 0.7810731362215068}},"csarron/bert-base-uncased-squad-v1": {"1": {"loss": 0.5621078261991383, "accuracy": 0.7374031008171985, "f1_score": 0.6247536948877138}, "3": {"loss": 0.38542392279708615, "accuracy": 0.8376453489884261, "f1_score": 0.7861930834222961}, "5": {"loss": 0.350942648490438, "accuracy": 0.8577299155846206, "f1_score": 0.8160827267311339}, "7": {"loss": 0.3388424892191151, "accuracy": 0.864600951525424, "f1_score": 0.8230772106640476}, "9": {"loss": 0.340157843385892, "accuracy": 0.8587869980370519, "f1_score": 0.8200879098062593}, "11": {"loss": 0.2755830235480002, "accuracy": 0.8919617689941196, "f1_score": 0.8624229330686454}}}, "ques": {"/content/drive/MyDrive/BERT_fineTunned_on_AdversarialQA_trained": {"1": {"loss": 0.0674880281663858, "accuracy": 0.6007766310985272, "f1_score": 0.2572325404100444}, "3": {"loss": 0.05911659649931467, "accuracy": 0.6571745597399198, "f1_score": 0.3312290413988847}, "5": {"loss": 0.06166010822814245, "accuracy": 0.7052514828168429, "f1_score": 0.353580502500422}, "7": {"loss": 0.052912125220665567, "accuracy": 0.6884245597399198, "f1_score": 0.3379715202505532}, "9": {"loss": 0.046889057382941246, "accuracy": 0.6788091751245352, "f1_score": 0.33710905286720755}, "11": {"loss": 0.08452330701626264, "accuracy": 0.14774408306066805, "f1_score": 0.005180467091295117}}, "bert-base-uncased": {"1": {"loss": 0.1375216251382461, "accuracy": 0.6715976366629968, "f1_score": 0.43189912016554527}, "3": {"loss": 0.10693909256504132, "accuracy": 0.6488535541754502, "f1_score": 0.31670534434410985}, "5": {"loss": 0.06498498311982705, "accuracy": 0.6740014828168429, "f1_score": 0.3045009930740913}, "7": {"loss": 0.04702898387152415, "accuracy": 0.6993343234062195, "f1_score": 0.3260401526214705}, "9": {"loss": 0.054015254888396994, "accuracy": 0.7052514828168429, "f1_score": 0.3548533363507057}, "11": {"loss": 0.0499306614868916, "accuracy": 0.6963757414084214, "f1_score": 0.3566156160389059}}, "csarron/bert-base-uncased-squad-v1": {"1": {"loss": 0.05655883252620697, "accuracy": 0.6194526644853445, "f1_score": 0.2614800508745156}, "3": {"loss": 0.05312679106226334, "accuracy": 0.6397929008190448, "f1_score": 0.2951084413726052}, "5": {"loss": 0.06689930048126441, "accuracy": 0.6841715986912067, "f1_score": 0.33445602157704685}, "7": {"loss": 0.05885554047731253, "accuracy": 0.7376109499197739, "f1_score": 0.4421947078618845}, "9": {"loss": 0.05144880683376239, "accuracy": 0.7376109499197739, "f1_score": 0.4082381964617233}, "11": {"loss": 0.08428721187206414, "accuracy": 0.14774408306066805, "f1_score": 0.005180467091295117}}}}
